#Vehicle Trip Report,,,,,,,,,,,,,,
#Report For :07/05/2023 22:29:40 - 14/05/2023 22:29:48,,,,,,,,,,,,,,
Vehicle,Trip-No,Vehicle-Category,Trip-Start-Location,Trip-Start-In-Time,Trip-Start-Out-Time,Trip-End-Location,Trip-End-In-Time,Trip-End-Out-Time,Distance,Time-Duration,Running-Time,Dest-Detention-Time,Halt-Hours,Route-Traveled
DL01 LAC 9427,1,46,DC46,8/5/2023 7:41,8/5/2023 8:55,DC46,8/5/2023 10:32,8/5/2023 10:32,9.81,01hr 36min,00hr 35min,00hr 0min,01hr 1min,Route Link
DL01 LAC 9427,2,46,DC46,8/5/2023 10:32,8/5/2023 10:32,DC46,8/5/2023 10:49,8/5/2023 13:50,0.66,00hr 17min,00hr 3min,03hr 0min,00hr 14min,Route Link
DL01 LAC 9427,3,46,DC46,8/5/2023 10:49,8/5/2023 13:50,DC46,8/5/2023 14:53,8/5/2023 15:27,5.58,01hr 2min,00hr 23min,00hr 34min,00hr 39min,Route Link
DL01 LAC 9427,4,46,DC46,8/5/2023 14:53,8/5/2023 15:27,DC46,9/5/2023 8:08,9/5/2023 9:27,19.47,16hr 40min,00hr 57min,01hr 19min,15hr 43min,Route Link
DL01 LAC 9427,5,46,DC46,9/5/2023 8:08,9/5/2023 9:27,DC46,9/5/2023 9:37,9/5/2023 9:51,1.32,00hr 9min,00hr 5min,00hr 13min,00hr 4min,Route Link
DL01 LAC 9427,6,46,DC46,9/5/2023 9:37,9/5/2023 9:51,DC46,9/5/2023 11:55,9/5/2023 11:55,15.44,02hr 4min,00hr 45min,00hr 0min,01hr 19min,Route Link
DL01 LAC 9427,7,46,DC46,9/5/2023 11:55,9/5/2023 11:55,DC46,9/5/2023 11:56,9/5/2023 14:32,0.11,00hr 0min,00hr 0min,02hr 35min,00hr 0min,Route Link
DL01 LAC 9427,8,46,DC46,9/5/2023 11:56,9/5/2023 14:32,DC46,9/5/2023 15:25,9/5/2023 15:26,0.87,00hr 53min,00hr 4min,00hr 1min,00hr 49min,Route Link
DL01 LAC 9427,9,46,DC46,9/5/2023 15:25,9/5/2023 15:26,DC52,9/5/2023 17:44,9/5/2023 17:45,25.56,02hr 17min,01hr 12min,00hr 0min,01hr 5min,Route Link
DL01 LAC 9427,10,46,DC52,9/5/2023 17:44,9/5/2023 17:45,DC46,10/5/2023 7:54,10/5/2023 11:08,7.27,14hr 8min,00hr 21min,03hr 14min,13hr 47min,Route Link
DL01 LAC 9427,11,46,DC46,10/5/2023 7:54,10/5/2023 11:08,DC46,10/5/2023 11:29,10/5/2023 11:55,1.15,00hr 21min,00hr 5min,00hr 26min,00hr 15min,Route Link
DL01 LAC 9427,12,46,DC46,10/5/2023 11:29,10/5/2023 11:55,DC52,10/5/2023 16:43,10/5/2023 16:43,30.66,04hr 47min,01hr 45min,00hr 0min,03hr 2min,Route Link
DL01 LAC 9427,13,46,DC52,10/5/2023 16:43,10/5/2023 16:43,DC46,11/5/2023 8:07,11/5/2023 11:47,9.99,15hr 23min,00hr 35min,03hr 40min,14hr 48min,Route Link
DL01 LAC 9427,14,46,DC46,11/5/2023 8:07,11/5/2023 11:47,DC46,11/5/2023 17:03,11/5/2023 17:04,36.52,05hr 15min,01hr 54min,00hr 1min,03hr 21min,Route Link
DL01 LAC 9427,15,46,DC46,11/5/2023 17:03,11/5/2023 17:04,DC46,11/5/2023 17:14,11/5/2023 17:15,0.58,00hr 9min,00hr 2min,00hr 1min,00hr 7min,Route Link
DL01 LAC 9427,16,46,DC46,11/5/2023 17:14,11/5/2023 17:15,DC52,12/5/2023 7:11,12/5/2023 7:12,8.89,13hr 56min,00hr 18min,00hr 0min,13hr 37min,Route Link
DL01 LAC 9427,17,46,DC52,12/5/2023 7:11,12/5/2023 7:12,DC46,12/5/2023 7:22,12/5/2023 9:36,3.69,00hr 10min,00hr 9min,02hr 13min,00hr 1min,Route Link
DL01 LAC 9427,18,46,DC46,12/5/2023 7:22,12/5/2023 9:36,DC46,12/5/2023 11:35,12/5/2023 13:16,13.42,01hr 59min,00hr 50min,01hr 41min,01hr 8min,Route Link
DL01 LAC 9427,19,46,DC46,12/5/2023 11:35,12/5/2023 13:16,DC46,13/05/2023 09:18 AM,13/05/2023 10:52 AM,119.94,20hr 2min,04hr 18min,01hr 33min,15hr 43min,Route Link
DL01 LAC 9427,20,46,DC46,13/05/2023 09:18 AM,13/05/2023 10:52 AM,DC46,13/05/2023 12:05 PM,13/05/2023 02:37 PM,4.82,01hr 13min,00hr 16min,02hr 32min,00hr 56min,Route Link
DL01 LAC 9427,21,46,DC46,13/05/2023 12:05 PM,13/05/2023 02:37 PM,DC46,13/05/2023 03:01 PM,13/05/2023 03:10 PM,1.24,00hr 23min,00hr 3min,00hr 9min,00hr 20min,Route Link
DL01 LAC 9427,22,46,DC46,13/05/2023 03:01 PM,13/05/2023 03:10 PM,DC46,13/05/2023 03:24 PM,13/05/2023 03:25 PM,1.6,00hr 13min,00hr 7min,00hr 1min,00hr 6min,Route Link
DL01 LAC 9427,23,46,DC46,13/05/2023 03:24 PM,13/05/2023 03:25 PM,DC46,13/05/2023 03:31 PM,13/05/2023 03:31 PM,0.8,00hr 5min,00hr 2min,00hr 0min,00hr 3min,Route Link
DL01 LAC 9427,24,46,DC46,13/05/2023 03:31 PM,13/05/2023 03:31 PM,DC52,14/05/2023 08:03 AM,14/05/2023 08:03 AM,19.24,16hr 31min,00hr 56min,00hr 0min,15hr 35min,Route Link
DL01 LAC 9427,25,46,DC52,14/05/2023 08:03 AM,14/05/2023 08:03 AM,DC46,14/05/2023 08:13 AM,14/05/2023 09:54 AM,3.88,00hr 9min,00hr 9min,01hr 40min,00hr 0min,Route Link
DL01 LAC 9427,26,46,DC46,14/05/2023 08:13 AM,14/05/2023 09:54 AM,DC46,14/05/2023 11:40 AM,14/05/2023 11:48 AM,17.4,01hr 46min,00hr 50min,00hr 8min,00hr 56min,Route Link
DL01 LAC 9427,27,46,DC46,14/05/2023 11:40 AM,14/05/2023 11:48 AM,DC46,14/05/2023 11:52 AM,14/05/2023 01:38 PM,0.42,00hr 3min,00hr 1min,01hr 45min,00hr 2min,Route Link
DL01 LX 3200,1,46,DC46,8/5/2023 7:50,8/5/2023 9:22,DC46,8/5/2023 11:49,8/5/2023 11:50,15.72,02hr 26min,00hr 46min,00hr 0min,01hr 40min,Route Link
DL01 LX 3200,2,46,DC46,8/5/2023 11:49,8/5/2023 11:50,DC46,8/5/2023 11:51,8/5/2023 15:14,0.18,00hr 1min,00hr 1min,03hr 23min,00hr 0min,Route Link
DL01 LX 3200,3,46,DC46,8/5/2023 11:51,8/5/2023 15:14,DC46,9/5/2023 7:38,9/5/2023 9:21,44.91,16hr 24min,01hr 57min,01hr 42min,14hr 27min,Route Link
DL01 LX 3200,4,46,DC46,9/5/2023 7:38,9/5/2023 9:21,DC46,9/5/2023 11:41,9/5/2023 13:09,8.88,02hr 19min,00hr 25min,01hr 28min,01hr 54min,Route Link
DL01 LX 3200,5,46,DC46,9/5/2023 11:41,9/5/2023 13:09,DC52,9/5/2023 13:12,9/5/2023 13:13,1.27,00hr 3min,00hr 3min,00hr 0min,00hr 0min,Route Link
DL01 LX 3200,6,46,DC52,9/5/2023 13:12,9/5/2023 13:13,DC46,10/5/2023 7:33,10/5/2023 9:24,75.07,18hr 20min,02hr 25min,01hr 50min,15hr 55min,Route Link
DL01 LX 3200,7,46,DC46,10/5/2023 7:33,10/5/2023 9:24,DC46,10/5/2023 11:17,10/5/2023 11:18,2.18,01hr 53min,00hr 11min,00hr 1min,01hr 41min,Route Link
DL01 LX 3200,8,46,DC46,10/5/2023 11:17,10/5/2023 11:18,DC46,10/5/2023 11:31,10/5/2023 14:18,0.68,00hr 13min,00hr 1min,02hr 46min,00hr 11min,Route Link
DL01 LX 3200,9,46,DC46,10/5/2023 11:31,10/5/2023 14:18,DC46,11/5/2023 7:39,11/5/2023 14:02,17.86,17hr 21min,00hr 54min,06hr 22min,16hr 27min,Route Link
DL01 LX 3200,10,46,DC46,11/5/2023 7:39,11/5/2023 14:02,DC46,12/5/2023 7:38,12/5/2023 9:25,22.6,17hr 36min,01hr 7min,01hr 46min,16hr 29min,Route Link
DL01 LX 3200,11,46,DC46,12/5/2023 7:38,12/5/2023 9:25,DC46,12/5/2023 9:26,12/5/2023 9:27,0.56,00hr 1min,00hr 1min,00hr 0min,00hr 0min,Route Link
DL01 LX 3200,12,46,DC46,12/5/2023 9:26,12/5/2023 9:27,DC46,12/5/2023 10:41,12/5/2023 10:42,3.31,01hr 14min,00hr 14min,00hr 1min,00hr 59min,Route Link
DL01 LX 3200,13,46,DC46,12/5/2023 10:41,12/5/2023 10:42,DC46,13/05/2023 11:33 AM,13/05/2023 02:16 PM,47.96,24hr 51min,02hr 10min,02hr 42min,22hr 40min,Route Link
DL01 LX 3200,14,46,DC46,13/05/2023 11:33 AM,13/05/2023 02:16 PM,DC46,14/05/2023 07:25 AM,14/05/2023 09:36 AM,40.47,17hr 9min,01hr 59min,02hr 11min,15hr 9min,Route Link
DL01 LX 3200,15,46,DC46,14/05/2023 07:25 AM,14/05/2023 09:36 AM,DC46,14/05/2023 11:43 AM,14/05/2023 02:37 PM,10.3,02hr 6min,00hr 25min,02hr 54min,01hr 41min,Route Link
DL1 LAA 9965,1,,DC46,8/5/2023 9:19,8/5/2023 9:23,DC46,8/5/2023 9:24,8/5/2023 14:30,0.18,00hr 0min,00hr 0min,05hr 5min,00hr 0min,Route Link
DL1 LAA 9965,2,,DC46,8/5/2023 9:24,8/5/2023 14:30,DC52,8/5/2023 14:57,8/5/2023 14:58,5.87,00hr 27min,00hr 14min,00hr 0min,00hr 13min,Route Link
DL1 LAA 9965,3,,DC52,8/5/2023 14:57,8/5/2023 14:58,DC46,9/5/2023 9:17,9/5/2023 12:17,92.06,18hr 18min,03hr 5min,03hr 0min,15hr 12min,Route Link
DL1 LAA 9965,4,,DC46,9/5/2023 9:17,9/5/2023 12:17,DC52,9/5/2023 12:55,9/5/2023 12:55,6.19,00hr 37min,00hr 14min,00hr 0min,00hr 23min,Route Link
DL1 LAA 9965,5,,DC52,9/5/2023 12:55,9/5/2023 12:55,DC46,10/5/2023 10:36,10/5/2023 13:25,155.28,21hr 40min,05hr 21min,02hr 48min,16hr 19min,Route Link
DL1 LAA 9965,6,,DC46,10/5/2023 10:36,10/5/2023 13:25,DC52,10/5/2023 13:44,10/5/2023 13:45,6.16,00hr 19min,00hr 14min,00hr 0min,00hr 4min,Route Link
DL1 LAA 9965,7,,DC52,10/5/2023 13:44,10/5/2023 13:45,DC46,11/5/2023 9:01,11/5/2023 9:02,74.59,19hr 16min,02hr 54min,00hr 0min,16hr 22min,Route Link
DL1 LAA 9965,8,,DC46,11/5/2023 9:01,11/5/2023 9:02,DC46,11/5/2023 9:03,11/5/2023 12:01,0.13,00hr 0min,00hr 0min,02hr 57min,00hr 0min,Route Link
DL1 LAA 9965,9,,DC46,11/5/2023 9:03,11/5/2023 12:01,DC52,11/5/2023 12:38,11/5/2023 12:39,5.61,00hr 37min,00hr 15min,00hr 0min,00hr 22min,Route Link
DL1 LAA 9965,10,,DC52,11/5/2023 12:38,11/5/2023 12:39,DC46,12/5/2023 8:43,12/5/2023 12:30,69.52,20hr 3min,02hr 38min,03hr 47min,17hr 25min,Route Link
DL1 LAA 9965,11,,DC46,12/5/2023 8:43,12/5/2023 12:30,DC46,13/05/2023 08:52 AM,13/05/2023 01:30 PM,79.52,20hr 22min,03hr 2min,04hr 37min,17hr 20min,Route Link
DL1 LAA 9965,12,,DC46,13/05/2023 08:52 AM,13/05/2023 01:30 PM,DC52,13/05/2023 02:16 PM,13/05/2023 02:16 PM,6.79,00hr 45min,00hr 20min,00hr 0min,00hr 25min,Route Link
DL1 LAD 6259,1,46,DC46,8/5/2023 7:13,8/5/2023 7:14,DC46,8/5/2023 7:51,8/5/2023 7:51,0.43,00hr 36min,00hr 1min,00hr 0min,00hr 35min,Route Link
DL1 LAD 6259,2,46,DC46,8/5/2023 7:51,8/5/2023 8:57,DC46,8/5/2023 9:19,8/5/2023 9:30,0.59,00hr 22min,00hr 1min,00hr 11min,00hr 20min,Route Link
DL1 LAD 6259,3,46,DC46,8/5/2023 9:31,8/5/2023 9:33,DC46,8/5/2023 9:45,8/5/2023 10:00,1.69,00hr 12min,00hr 3min,00hr 14min,00hr 8min,Route Link
DL1 LAD 6259,4,46,DC46,8/5/2023 9:45,8/5/2023 10:00,DC46,8/5/2023 10:10,8/5/2023 10:16,1.2,00hr 9min,00hr 2min,00hr 6min,00hr 7min,Route Link
DL1 LAD 6259,5,46,DC46,8/5/2023 10:10,8/5/2023 10:16,DC46,8/5/2023 11:36,8/5/2023 16:12,10.63,01hr 19min,00hr 23min,04hr 36min,00hr 56min,Route Link
DL1 LAD 6259,6,46,DC46,8/5/2023 11:36,8/5/2023 16:12,DC46,8/5/2023 19:34,8/5/2023 19:34,6.09,03hr 21min,00hr 17min,00hr 0min,03hr 3min,Route Link
DL1 LAD 6259,7,46,DC46,8/5/2023 19:35,8/5/2023 19:37,DC46,8/5/2023 19:40,9/5/2023 7:24,0.28,00hr 3min,00hr 0min,11hr 44min,00hr 2min,Route Link
DL1 LAD 6259,8,46,DC46,8/5/2023 19:40,9/5/2023 7:24,DC46,9/5/2023 7:44,9/5/2023 7:45,0.55,00hr 20min,00hr 1min,00hr 0min,00hr 18min,Route Link
DL1 LAD 6259,9,46,DC46,9/5/2023 7:45,9/5/2023 12:05,DC46,9/5/2023 12:12,9/5/2023 12:18,0.71,00hr 7min,00hr 1min,00hr 5min,00hr 5min,Route Link
DL1 LAD 6259,10,46,DC46,9/5/2023 12:12,9/5/2023 12:18,DC46,9/5/2023 17:15,9/5/2023 17:15,6.4,04hr 56min,00hr 15min,00hr 0min,04hr 41min,Route Link
DL1 LAD 6259,11,46,DC46,9/5/2023 17:15,9/5/2023 17:15,DC46,9/5/2023 18:04,9/5/2023 18:04,3.46,00hr 49min,00hr 7min,00hr 0min,00hr 41min,Route Link
DL1 LAD 6259,12,46,DC46,9/5/2023 18:05,9/5/2023 18:41,DC46,9/5/2023 18:42,9/5/2023 20:12,0.26,00hr 1min,00hr 0min,01hr 29min,00hr 0min,Route Link
DL1 LAD 6259,13,46,DC46,9/5/2023 18:42,9/5/2023 20:12,DC46,9/5/2023 20:14,9/5/2023 20:15,0.51,00hr 2min,00hr 1min,00hr 0min,00hr 1min,Route Link
DL1 LAD 6259,14,46,DC46,9/5/2023 20:15,9/5/2023 20:16,DC46,9/5/2023 20:19,9/5/2023 20:19,0.56,00hr 2min,00hr 1min,00hr 0min,00hr 0min,Route Link
DL1 LAD 6259,15,46,DC46,9/5/2023 20:19,9/5/2023 20:19,DC46,9/5/2023 22:00,10/5/2023 9:08,9.02,01hr 41min,00hr 21min,11hr 7min,01hr 20min,Route Link
DL1 LAD 6259,16,46,DC46,10/5/2023 9:08,10/5/2023 9:10,DC46,10/5/2023 9:47,10/5/2023 9:47,0.43,00hr 37min,00hr 1min,00hr 0min,00hr 35min,Route Link
DL1 LAD 6259,17,46,DC46,10/5/2023 9:47,10/5/2023 9:47,DC46,10/5/2023 11:52,10/5/2023 11:52,7.27,02hr 4min,00hr 17min,00hr 0min,01hr 47min,Route Link
DL1 LAD 6259,18,46,DC46,10/5/2023 11:52,10/5/2023 11:52,DC46,10/5/2023 12:02,10/5/2023 12:18,0.71,00hr 9min,00hr 1min,00hr 16min,00hr 7min,Route Link
DL1 LAD 6259,19,46,DC46,10/5/2023 12:44,10/5/2023 15:30,DC46,10/5/2023 19:11,10/5/2023 19:11,12.1,03hr 40min,00hr 28min,00hr 0min,03hr 12min,Route Link
DL1 LAD 6259,20,46,DC46,10/5/2023 19:26,10/5/2023 19:27,DC46,10/5/2023 19:35,10/5/2023 20:12,0.44,00hr 7min,00hr 1min,00hr 37min,00hr 6min,Route Link
DL1 LAD 6259,21,46,DC46,10/5/2023 19:35,10/5/2023 20:12,DC46,10/5/2023 20:20,11/5/2023 9:35,0.85,00hr 7min,00hr 1min,13hr 15min,00hr 5min,Route Link
DL1 LAD 6259,22,46,DC46,10/5/2023 20:20,11/5/2023 9:35,DC46,11/5/2023 9:43,11/5/2023 9:45,0.36,00hr 8min,00hr 1min,00hr 2min,00hr 7min,Route Link
DL1 LAD 6259,23,46,DC46,11/5/2023 10:53,11/5/2023 10:55,DC46,11/5/2023 12:18,11/5/2023 12:19,8.94,01hr 22min,00hr 20min,00hr 0min,01hr 2min,Route Link
DL1 LAD 6259,24,46,DC46,11/5/2023 12:19,11/5/2023 14:16,DC46,11/5/2023 16:56,11/5/2023 20:11,19.08,02hr 40min,00hr 37min,03hr 14min,02hr 3min,Route Link
DL1 LAD 6259,25,46,DC46,11/5/2023 16:56,11/5/2023 20:11,DC46,11/5/2023 20:32,11/5/2023 20:33,0.97,00hr 21min,00hr 2min,00hr 0min,00hr 18min,Route Link
DL1 LAD 6259,26,46,DC46,12/5/2023 7:11,12/5/2023 7:12,DC46,12/5/2023 7:24,12/5/2023 7:24,0.56,00hr 12min,00hr 1min,00hr 0min,00hr 10min,Route Link
DL1 LAD 6259,27,46,DC46,12/5/2023 7:25,12/5/2023 7:29,DC46,12/5/2023 7:29,12/5/2023 9:42,0.21,00hr 0min,00hr 0min,02hr 12min,00hr 0min,Route Link
DL1 LAD 6259,28,46,DC46,12/5/2023 7:29,12/5/2023 9:42,DC46,12/5/2023 9:55,12/5/2023 9:59,0.53,00hr 13min,00hr 1min,00hr 3min,00hr 12min,Route Link
DL1 LAD 6259,29,46,DC46,12/5/2023 9:59,12/5/2023 10:01,DC46,12/5/2023 13:22,12/5/2023 17:06,18.37,03hr 21min,00hr 42min,03hr 44min,02hr 38min,Route Link
DL1 LAD 6259,30,46,DC46,12/5/2023 13:22,12/5/2023 17:06,DC46,12/5/2023 18:55,12/5/2023 18:55,12.56,01hr 48min,00hr 27min,00hr 0min,01hr 20min,Route Link
DL1 LAD 6259,31,46,DC46,12/5/2023 18:55,12/5/2023 19:02,DC46,12/5/2023 19:05,13/05/2023 07:26 AM,0.32,00hr 3min,00hr 0min,12hr 20min,00hr 2min,Route Link
DL1 LAD 6259,32,46,DC46,12/5/2023 19:05,13/05/2023 07:26 AM,DC46,13/05/2023 07:30 AM,13/05/2023 08:23 AM,0.56,00hr 4min,00hr 1min,00hr 52min,00hr 3min,Route Link
DL1 LAD 6259,33,46,DC46,13/05/2023 08:23 AM,13/05/2023 09:06 AM,DC46,13/05/2023 09:17 AM,13/05/2023 10:05 AM,0.68,00hr 10min,00hr 1min,00hr 48min,00hr 8min,Route Link
DL1 LAD 6259,34,46,DC46,13/05/2023 10:05 AM,13/05/2023 10:10 AM,DC46,13/05/2023 11:29 AM,13/05/2023 02:14 PM,0.97,01hr 18min,00hr 2min,02hr 44min,01hr 16min,Route Link
DL1 LAD 6259,35,46,DC46,13/05/2023 02:14 PM,13/05/2023 02:23 PM,DC46,13/05/2023 08:29 PM,13/05/2023 08:33 PM,17.72,06hr 6min,00hr 41min,00hr 3min,05hr 25min,Route Link
DL1 LAD 6259,36,46,DC46,13/05/2023 08:33 PM,13/05/2023 08:49 PM,DC46,13/05/2023 08:56 PM,14/05/2023 07:21 AM,0.3,00hr 6min,00hr 0min,10hr 24min,00hr 5min,Route Link
DL1 LAD 6259,37,46,DC46,13/05/2023 08:56 PM,14/05/2023 07:21 AM,DC46,14/05/2023 07:30 AM,14/05/2023 08:08 AM,0.21,00hr 9min,00hr 0min,00hr 38min,00hr 8min,Route Link
DL1 LAD 6259,38,46,DC46,14/05/2023 08:08 AM,14/05/2023 09:10 AM,DC46,14/05/2023 09:18 AM,14/05/2023 09:21 AM,0.62,00hr 7min,00hr 1min,00hr 3min,00hr 6min,Route Link
DL1 LAD 6259,39,46,DC46,14/05/2023 09:21 AM,14/05/2023 09:24 AM,DC46,14/05/2023 10:04 AM,14/05/2023 10:05 AM,0.41,00hr 40min,00hr 1min,00hr 0min,00hr 39min,Route Link
DL1 LAD 6259,40,46,DC46,14/05/2023 10:04 AM,14/05/2023 10:05 AM,DC52,14/05/2023 10:42 AM,14/05/2023 10:42 AM,3.18,00hr 37min,00hr 7min,00hr 0min,00hr 29min,Route Link
DL1 LAD 6259,41,46,DC52,14/05/2023 10:42 AM,14/05/2023 10:42 AM,DC46,14/05/2023 01:06 PM,14/05/2023 03:24 PM,9.11,02hr 23min,00hr 19min,02hr 18min,02hr 4min,Route Link
DL1 LAD 6259,42,46,DC46,14/05/2023 01:06 PM,14/05/2023 03:24 PM,DC46,14/05/2023 09:05 PM,14/05/2023 09:05 PM,17.32,05hr 40min,00hr 43min,00hr 0min,04hr 57min,Route Link
DL1 LAD 6259,43,46,DC46,14/05/2023 09:06 PM,14/05/2023 09:15 PM,DC46,14/05/2023 09:16 PM,15/05/2023 07:16 AM,0.2,00hr 0min,00hr 0min,09hr 59min,00hr 0min,Route Link
DL1 LAF 4401,1,46,DC46,8/5/2023 9:02,8/5/2023 11:35,DC46,8/5/2023 11:36,8/5/2023 11:55,0.19,00hr 0min,00hr 0min,00hr 18min,00hr 0min,Route Link
DL1 LAF 4401,2,46,DC46,8/5/2023 11:36,8/5/2023 11:55,DC46,8/5/2023 15:30,8/5/2023 17:23,42.24,03hr 35min,01hr 32min,01hr 53min,02hr 2min,Route Link
DL1 LAF 4401,3,46,DC46,8/5/2023 15:30,8/5/2023 17:23,DC46,9/5/2023 8:29,9/5/2023 10:17,91.32,15hr 5min,03hr 13min,01hr 48min,11hr 52min,Route Link
DL1 LAF 4401,4,46,DC46,9/5/2023 8:29,9/5/2023 10:17,DC46,9/5/2023 15:12,9/5/2023 15:58,28.62,04hr 55min,01hr 35min,00hr 45min,03hr 20min,Route Link
DL1 LAF 4401,5,46,DC46,9/5/2023 15:12,9/5/2023 15:58,DC46,10/5/2023 8:45,10/5/2023 8:46,87.23,16hr 47min,03hr 12min,00hr 0min,13hr 34min,Route Link
DL1 LAF 4401,6,46,DC46,10/5/2023 8:46,10/5/2023 10:37,DC52,10/5/2023 13:20,10/5/2023 13:21,15.45,02hr 43min,00hr 48min,00hr 1min,01hr 54min,Route Link
DL1 LAF 4401,7,46,DC52,10/5/2023 13:20,10/5/2023 13:21,DC46,10/5/2023 14:49,10/5/2023 16:28,16.28,01hr 28min,00hr 38min,01hr 39min,00hr 50min,Route Link
DL1 LAF 4401,8,46,DC46,10/5/2023 14:49,10/5/2023 16:28,DC46,10/5/2023 20:37,10/5/2023 20:47,33.11,04hr 8min,01hr 40min,00hr 10min,02hr 27min,Route Link
DL1 LAF 4401,9,46,DC46,10/5/2023 20:37,10/5/2023 20:47,DC46,11/5/2023 8:47,11/5/2023 10:32,32.07,11hr 59min,00hr 59min,01hr 45min,11hr 0min,Route Link
DL1 LAF 4401,10,46,DC46,11/5/2023 8:47,11/5/2023 10:32,DC46,11/5/2023 16:11,11/5/2023 17:08,36.66,05hr 38min,01hr 51min,00hr 56min,03hr 47min,Route Link
DL1 LAF 4401,11,46,DC46,11/5/2023 16:11,11/5/2023 17:08,DC46,11/5/2023 18:54,11/5/2023 18:55,12.94,01hr 46min,00hr 42min,00hr 0min,01hr 4min,Route Link
DL1 LAF 4401,12,46,DC46,11/5/2023 18:54,11/5/2023 18:55,DC52,11/5/2023 19:08,11/5/2023 19:15,6.26,00hr 13min,00hr 12min,00hr 7min,00hr 1min,Route Link
DL1 LAF 4401,13,46,DC52,11/5/2023 19:08,11/5/2023 19:15,DC46,12/5/2023 10:46,12/5/2023 11:00,25.92,15hr 30min,00hr 51min,00hr 14min,14hr 38min,Route Link
DL1 LAF 4401,14,46,DC46,12/5/2023 10:46,12/5/2023 11:00,DC52,12/5/2023 11:43,12/5/2023 11:44,9.36,00hr 42min,00hr 25min,00hr 0min,00hr 17min,Route Link
DL1 LAF 4401,15,46,DC52,12/5/2023 11:43,12/5/2023 11:44,DC46,12/5/2023 16:27,12/5/2023 17:03,21.52,04hr 43min,01hr 7min,00hr 35min,03hr 35min,Route Link
DL1 LAF 4401,16,46,DC46,12/5/2023 16:27,12/5/2023 17:03,DC52,12/5/2023 17:21,12/5/2023 17:22,6.32,00hr 18min,00hr 12min,00hr 1min,00hr 6min,Route Link
DL1 LAF 4401,17,46,DC52,12/5/2023 17:21,12/5/2023 17:22,DC52,13/05/2023 08:32 AM,13/05/2023 08:33 AM,82.79,15hr 10min,02hr 47min,00hr 0min,12hr 22min,Route Link
DL1 LAF 4401,18,46,DC52,13/05/2023 08:32 AM,13/05/2023 08:33 AM,DC46,13/05/2023 08:42 AM,13/05/2023 11:40 AM,4.96,00hr 9min,00hr 8min,02hr 57min,00hr 1min,Route Link
DL1 LAF 4401,19,46,DC46,13/05/2023 08:42 AM,13/05/2023 11:40 AM,DC52,13/05/2023 01:18 PM,13/05/2023 01:19 PM,12.2,01hr 38min,00hr 38min,00hr 0min,00hr 59min,Route Link
DL1 LAF 4401,20,46,DC52,13/05/2023 01:18 PM,13/05/2023 01:19 PM,DC46,13/05/2023 02:39 PM,13/05/2023 03:43 PM,12.71,01hr 19min,00hr 35min,01hr 4min,00hr 44min,Route Link
DL1 LAF 4401,21,46,DC46,13/05/2023 03:44 PM,13/05/2023 05:00 PM,DC52,13/05/2023 05:23 PM,13/05/2023 05:24 PM,6.45,00hr 23min,00hr 13min,00hr 1min,00hr 10min,Route Link
DL1 LAF 4401,22,46,DC52,13/05/2023 05:23 PM,13/05/2023 05:24 PM,DC52,14/05/2023 08:48 AM,14/05/2023 08:48 AM,66.11,15hr 23min,02hr 13min,00hr 0min,13hr 10min,Route Link
DL1 LAF 4401,23,46,DC52,14/05/2023 08:48 AM,14/05/2023 08:48 AM,DC46,14/05/2023 08:56 AM,14/05/2023 08:56 AM,4.71,00hr 7min,00hr 7min,00hr 0min,00hr 0min,Route Link
DL1 LAF 4401,24,46,DC46,14/05/2023 08:57 AM,14/05/2023 10:04 AM,DC46,14/05/2023 12:31 PM,14/05/2023 01:57 PM,28.93,02hr 26min,01hr 11min,01hr 26min,01hr 15min,Route Link
DL1 LAF 4401,25,46,DC46,14/05/2023 12:31 PM,14/05/2023 01:57 PM,DC52,14/05/2023 02:08 PM,14/05/2023 02:10 PM,6.36,00hr 11min,00hr 10min,00hr 2min,00hr 0min,Route Link
DL1 LAF 9791,1,,DC46,8/5/2023 9:08,8/5/2023 13:30,DC46,9/5/2023 8:31,9/5/2023 10:57,74.25,19hr 0min,02hr 38min,02hr 26min,16hr 21min,Route Link
DL1 LAF 9791,2,,DC46,9/5/2023 8:31,9/5/2023 10:57,DC52,9/5/2023 11:18,9/5/2023 11:20,6.26,00hr 20min,00hr 17min,00hr 1min,00hr 3min,Route Link
DL1 LAF 9791,3,,DC52,9/5/2023 11:18,9/5/2023 11:20,DC46,10/5/2023 8:33,10/5/2023 11:01,93.55,21hr 13min,03hr 1min,02hr 27min,18hr 12min,Route Link
DL1 LAF 9791,4,,DC46,10/5/2023 8:33,10/5/2023 11:01,DC46,10/5/2023 11:01,10/5/2023 11:02,0.23,00hr 0min,00hr 0min,00hr 1min,00hr 0min,Route Link
DL1 LAF 9791,5,,DC46,10/5/2023 11:01,10/5/2023 11:02,DC52,10/5/2023 20:50,10/5/2023 20:50,137.5,09hr 47min,04hr 49min,00hr 0min,04hr 58min,Route Link
DL1 LAF 9791,6,,DC52,10/5/2023 20:50,10/5/2023 20:50,DC46,11/5/2023 8:49,11/5/2023 12:08,5.88,11hr 58min,00hr 20min,03hr 18min,11hr 38min,Route Link
DL1 LAF 9791,7,,DC46,11/5/2023 8:49,11/5/2023 12:08,DC52,11/5/2023 22:30,11/5/2023 22:31,130.24,10hr 22min,04hr 12min,00hr 0min,06hr 10min,Route Link
DL1 LAF 9791,8,,DC52,11/5/2023 22:30,11/5/2023 22:31,DC46,12/5/2023 8:29,12/5/2023 12:39,5.73,09hr 57min,00hr 15min,04hr 9min,09hr 42min,Route Link
DL1 LAF 9791,9,,DC46,12/5/2023 8:29,12/5/2023 12:39,DC46,13/05/2023 08:44 AM,13/05/2023 11:07 AM,140.5,20hr 5min,04hr 30min,02hr 22min,15hr 34min,Route Link
DL1 LAF 9791,10,,DC46,13/05/2023 08:44 AM,13/05/2023 11:07 AM,DC46,13/05/2023 11:19 AM,13/05/2023 11:24 AM,2.86,00hr 12min,00hr 10min,00hr 5min,00hr 1min,Route Link
DL1 LAF 9791,11,,DC46,13/05/2023 11:19 AM,13/05/2023 11:24 AM,DC46,14/05/2023 09:02 AM,14/05/2023 12:30 PM,137.05,21hr 37min,04hr 28min,03hr 27min,17hr 8min,Route Link
DL1 LAF 9989,1,46,DC46,7/5/2023 19:52,8/5/2023 9:41,DC46,8/5/2023 9:47,8/5/2023 9:48,0.67,00hr 5min,00hr 1min,00hr 1min,00hr 3min,Route Link
DL1 LAF 9989,2,46,DC46,8/5/2023 9:47,8/5/2023 9:48,DC46,8/5/2023 9:49,8/5/2023 9:52,0.16,00hr 0min,00hr 0min,00hr 3min,00hr 0min,Route Link
DL1 LAF 9989,3,46,DC46,8/5/2023 9:49,8/5/2023 9:52,DC46,8/5/2023 10:35,8/5/2023 10:36,0.55,00hr 43min,00hr 1min,00hr 0min,00hr 41min,Route Link
DL1 LAF 9989,4,46,DC46,8/5/2023 10:37,8/5/2023 11:00,DC46,8/5/2023 14:53,8/5/2023 16:48,31.28,03hr 53min,01hr 36min,01hr 54min,02hr 17min,Route Link
DL1 LAF 9989,5,46,DC46,8/5/2023 14:53,8/5/2023 16:48,DC46,8/5/2023 16:59,9/5/2023 10:22,0.95,00hr 10min,00hr 3min,17hr 23min,00hr 7min,Route Link
DL1 LAF 9989,6,46,DC46,8/5/2023 16:59,9/5/2023 10:22,DC46,9/5/2023 10:51,9/5/2023 10:55,0.52,00hr 28min,00hr 2min,00hr 4min,00hr 26min,Route Link
DL1 LAF 9989,7,46,DC46,9/5/2023 10:55,9/5/2023 10:56,DC46,9/5/2023 14:55,9/5/2023 14:55,41.4,03hr 58min,01hr 44min,00hr 0min,02hr 13min,Route Link
DL1 LAF 9989,8,46,DC46,9/5/2023 14:56,9/5/2023 15:48,DC46,9/5/2023 15:48,9/5/2023 15:49,0.23,00hr 0min,00hr 0min,00hr 0min,00hr 0min,Route Link
DL1 LAF 9989,9,46,DC46,9/5/2023 15:48,9/5/2023 15:49,DC46,9/5/2023 19:15,10/5/2023 9:21,22.42,03hr 26min,01hr 19min,14hr 5min,02hr 6min,Route Link
DL1 LAF 9989,10,46,DC46,9/5/2023 19:15,10/5/2023 9:21,DC46,10/5/2023 9:22,10/5/2023 9:22,0.26,00hr 0min,00hr 0min,00hr 0min,00hr 0min,Route Link
DL1 LAF 9989,11,46,DC46,10/5/2023 9:22,10/5/2023 9:22,DC46,10/5/2023 11:34,10/5/2023 11:35,10.85,02hr 11min,00hr 45min,00hr 0min,01hr 26min,Route Link
DL1 LAF 9989,12,46,DC46,10/5/2023 11:35,10/5/2023 15:28,DC46,10/5/2023 15:29,10/5/2023 15:30,0.18,00hr 0min,00hr 0min,00hr 1min,00hr 0min,Route Link
DL1 LAF 9989,13,46,DC46,10/5/2023 15:29,10/5/2023 15:30,DC46,10/5/2023 17:59,11/5/2023 11:04,24.29,02hr 29min,01hr 12min,17hr 4min,01hr 16min,Route Link
DL1 LAF 9989,14,46,DC46,10/5/2023 17:59,11/5/2023 11:04,DC46,11/5/2023 11:13,11/5/2023 11:25,0.36,00hr 9min,00hr 0min,00hr 11min,00hr 9min,Route Link
DL1 LAF 9989,15,46,DC46,11/5/2023 11:13,11/5/2023 11:25,DC46,11/5/2023 11:25,11/5/2023 11:26,0.25,00hr 0min,00hr 0min,00hr 0min,00hr 0min,Route Link
DL1 LAF 9989,16,46,DC46,11/5/2023 11:25,11/5/2023 11:26,DC46,11/5/2023 13:41,11/5/2023 13:42,20.37,02hr 15min,00hr 54min,00hr 0min,01hr 20min,Route Link
DL1 LAF 9989,17,46,DC46,11/5/2023 13:42,12/5/2023 9:41,DC46,12/5/2023 9:42,12/5/2023 9:42,0.18,00hr 0min,00hr 0min,00hr 0min,00hr 0min,Route Link
DL1 LAF 9989,18,46,DC46,12/5/2023 9:42,12/5/2023 9:42,DC46,12/5/2023 13:43,12/5/2023 13:44,22.88,04hr 0min,01hr 8min,00hr 0min,02hr 52min,Route Link
DL1 LAF 9989,19,46,DC46,12/5/2023 13:51,12/5/2023 17:47,DC46,12/5/2023 18:42,13/05/2023 08:58 AM,5.13,00hr 54min,00hr 24min,14hr 16min,00hr 30min,Route Link
DL1 LAF 9989,20,46,DC46,12/5/2023 18:42,13/05/2023 08:58 AM,DC46,13/05/2023 09:04 AM,13/05/2023 09:36 AM,0.36,00hr 5min,00hr 1min,00hr 31min,00hr 4min,Route Link
DL1 LAF 9989,21,46,DC46,13/05/2023 09:04 AM,13/05/2023 09:36 AM,DC46,13/05/2023 11:08 AM,13/05/2023 01:38 PM,5.83,01hr 32min,00hr 26min,02hr 29min,01hr 6min,Route Link
DL1 LAF 9989,22,46,DC46,13/05/2023 11:08 AM,13/05/2023 01:38 PM,DC52,13/05/2023 03:09 PM,13/05/2023 03:10 PM,9.03,01hr 31min,00hr 29min,00hr 0min,01hr 1min,Route Link
DL1 LAF 9989,23,46,DC52,13/05/2023 03:09 PM,13/05/2023 03:10 PM,DC46,13/05/2023 05:14 PM,13/05/2023 05:16 PM,9.95,02hr 4min,00hr 38min,00hr 1min,01hr 25min,Route Link
DL1 LAF 9989,24,46,DC46,14/05/2023 09:22 AM,14/05/2023 09:22 AM,DC46,14/05/2023 11:55 AM,14/05/2023 11:55 AM,22.01,02hr 32min,00hr 50min,00hr 0min,01hr 41min,Route Link
DL1 LAF 9989,25,46,DC46,14/05/2023 11:55 AM,14/05/2023 02:24 PM,DC46,14/05/2023 04:27 PM,14/05/2023 04:28 PM,10.13,02hr 3min,00hr 43min,00hr 1min,01hr 19min,Route Link
DL1 LR 2806,1,46,DC46,7/5/2023 18:49,8/5/2023 8:48,DC46,8/5/2023 8:55,8/5/2023 9:13,0.72,00hr 7min,00hr 1min,00hr 17min,00hr 5min,Route Link
DL1 LR 2806,2,46,DC46,8/5/2023 9:13,8/5/2023 9:15,DC46,8/5/2023 11:22,8/5/2023 11:22,9.19,02hr 7min,00hr 20min,00hr 0min,01hr 46min,Route Link
DL1 LR 2806,3,46,DC46,8/5/2023 11:22,8/5/2023 14:04,DC46,8/5/2023 18:55,8/5/2023 18:56,11.19,04hr 51min,00hr 27min,00hr 0min,04hr 24min,Route Link
DL1 LR 2806,4,46,DC46,8/5/2023 18:56,9/5/2023 9:21,DC46,9/5/2023 9:31,9/5/2023 9:42,0.67,00hr 10min,00hr 1min,00hr 10min,00hr 8min,Route Link
DL1 LR 2806,5,46,DC46,9/5/2023 9:42,9/5/2023 9:45,DC46,9/5/2023 15:04,9/5/2023 15:10,27.24,05hr 18min,01hr 0min,00hr 5min,04hr 17min,Route Link
DL1 LR 2806,6,46,DC46,9/5/2023 15:04,9/5/2023 15:10,DC46,9/5/2023 15:58,9/5/2023 18:56,0.13,00hr 48min,00hr 0min,02hr 57min,00hr 47min,Route Link
DL1 LR 2806,7,46,DC46,9/5/2023 15:58,9/5/2023 18:56,DC52,9/5/2023 19:13,9/5/2023 19:14,2.43,00hr 17min,00hr 5min,00hr 0min,00hr 12min,Route Link
DL1 LR 2806,8,46,DC52,9/5/2023 19:13,9/5/2023 19:14,DC52,9/5/2023 20:53,9/5/2023 20:53,1.88,01hr 38min,00hr 3min,00hr 0min,01hr 34min,Route Link
DL1 LR 2806,9,46,DC52,9/5/2023 20:53,9/5/2023 20:53,DC46,9/5/2023 21:58,10/5/2023 11:29,11.42,01hr 4min,00hr 23min,13hr 31min,00hr 41min,Route Link
DL1 LR 2806,10,46,DC46,9/5/2023 21:58,10/5/2023 11:29,DC46,10/5/2023 12:03,10/5/2023 12:09,0.16,00hr 33min,00hr 0min,00hr 6min,00hr 33min,Route Link
DL1 LR 2806,11,46,DC46,10/5/2023 12:03,10/5/2023 12:09,DC46,10/5/2023 16:49,10/5/2023 16:50,16.5,04hr 39min,00hr 38min,00hr 0min,04hr 0min,Route Link
DL1 LR 2806,12,46,DC46,10/5/2023 16:49,10/5/2023 16:50,DC46,10/5/2023 17:24,11/5/2023 9:06,0.25,00hr 34min,00hr 0min,15hr 41min,00hr 33min,Route Link
DL1 LR 2806,13,46,DC46,10/5/2023 17:24,11/5/2023 9:06,DC46,11/5/2023 9:12,11/5/2023 9:13,0.64,00hr 6min,00hr 1min,00hr 1min,00hr 4min,Route Link
DL1 LR 2806,14,46,DC46,11/5/2023 9:12,11/5/2023 9:13,DC46,11/5/2023 11:05,11/5/2023 11:06,3.98,01hr 52min,00hr 11min,00hr 0min,01hr 40min,Route Link
DL1 LR 2806,15,46,DC46,11/5/2023 15:46,11/5/2023 15:47,DC46,11/5/2023 17:47,12/5/2023 9:35,10.9,02hr 0min,00hr 25min,15hr 47min,01hr 35min,Route Link
DL1 LR 2806,16,46,DC46,11/5/2023 17:47,12/5/2023 9:35,DC46,12/5/2023 10:50,12/5/2023 14:18,1.36,01hr 15min,00hr 3min,03hr 28min,01hr 11min,Route Link
DL1 LR 2806,17,46,DC46,12/5/2023 14:18,12/5/2023 14:19,DC46,12/5/2023 17:44,13/05/2023 08:57 AM,15.9,03hr 24min,00hr 36min,15hr 12min,02hr 48min,Route Link
DL1 LR 2806,18,46,DC46,12/5/2023 17:44,13/05/2023 08:57 AM,DC46,13/05/2023 09:02 AM,13/05/2023 09:04 AM,0.59,00hr 5min,00hr 1min,00hr 1min,00hr 3min,Route Link
DL1 LR 2806,19,46,DC46,13/05/2023 09:02 AM,13/05/2023 09:04 AM,DC46,13/05/2023 11:56 AM,13/05/2023 01:44 PM,7.59,02hr 52min,00hr 18min,01hr 47min,02hr 33min,Route Link
DL1 LR 2806,20,46,DC46,13/05/2023 11:56 AM,13/05/2023 01:44 PM,DC46,13/05/2023 04:22 PM,13/05/2023 04:22 PM,14.26,02hr 38min,00hr 31min,00hr 0min,02hr 6min,Route Link
DL1 LR 2806,21,46,DC46,13/05/2023 04:22 PM,14/05/2023 09:28 AM,DC46,14/05/2023 11:38 AM,14/05/2023 02:52 PM,13.6,02hr 10min,00hr 30min,03hr 13min,01hr 39min,Route Link
DL1 LR 2806,22,46,DC46,14/05/2023 11:38 AM,14/05/2023 02:52 PM,DC46,14/05/2023 05:52 PM,15/05/2023 10:18 AM,22.98,03hr 0min,00hr 48min,16hr 25min,02hr 11min,Route Link
DL1 LR 9912,1,46,DC46,8/5/2023 7:33,8/5/2023 10:23,DC46,8/5/2023 10:30,8/5/2023 10:32,0.5,00hr 7min,00hr 1min,00hr 2min,00hr 5min,Route Link
DL1 LR 9912,2,46,DC46,8/5/2023 10:30,8/5/2023 10:32,DC46,8/5/2023 14:07,8/5/2023 14:08,39.85,03hr 34min,01hr 24min,00hr 1min,02hr 10min,Route Link
DL1 LR 9912,3,46,DC46,8/5/2023 14:07,8/5/2023 14:08,DC46,8/5/2023 14:18,8/5/2023 15:13,0.55,00hr 10min,00hr 2min,00hr 55min,00hr 7min,Route Link
DL1 LR 9912,4,46,DC46,8/5/2023 14:18,8/5/2023 15:13,DC46,8/5/2023 15:14,8/5/2023 15:14,0.21,00hr 0min,00hr 0min,00hr 0min,00hr 0min,Route Link
DL1 LR 9912,5,46,DC46,8/5/2023 15:14,8/5/2023 15:14,DC46,8/5/2023 18:09,8/5/2023 18:09,44.47,02hr 54min,01hr 39min,00hr 0min,01hr 15min,Route Link
DL1 LR 9912,6,46,DC46,8/5/2023 18:10,8/5/2023 18:51,DC46,8/5/2023 18:57,8/5/2023 19:01,0.52,00hr 5min,00hr 2min,00hr 3min,00hr 3min,Route Link
DL1 LR 9912,7,46,DC46,8/5/2023 18:57,8/5/2023 19:01,DC46,8/5/2023 19:06,8/5/2023 19:07,0.28,00hr 5min,00hr 1min,00hr 0min,00hr 4min,Route Link
DL1 LR 9912,8,46,DC46,8/5/2023 19:07,8/5/2023 19:17,DC46,8/5/2023 22:32,9/5/2023 10:25,77.33,03hr 14min,02hr 2min,11hr 52min,01hr 11min,Route Link
DL1 LR 9912,9,46,DC46,8/5/2023 22:32,9/5/2023 10:25,DC46,9/5/2023 10:38,9/5/2023 10:39,1.01,00hr 13min,00hr 3min,00hr 1min,00hr 10min,Route Link
DL1 LR 9912,10,46,DC46,9/5/2023 10:41,9/5/2023 10:41,DC46,9/5/2023 15:47,10/5/2023 9:11,93.61,05hr 5min,03hr 1min,17hr 24min,02hr 4min,Route Link
DL1 LR 9912,11,46,DC46,9/5/2023 15:47,10/5/2023 9:11,DC46,10/5/2023 12:09,10/5/2023 13:44,34.34,02hr 58min,01hr 20min,01hr 35min,01hr 38min,Route Link
DL1 LR 9912,12,46,DC46,10/5/2023 12:09,10/5/2023 13:44,DC52,11/5/2023 7:03,11/5/2023 7:04,20.64,17hr 19min,00hr 47min,00hr 0min,16hr 31min,Route Link
DL1 LR 9912,13,46,DC52,11/5/2023 7:03,11/5/2023 7:04,DC46,11/5/2023 7:12,11/5/2023 9:15,3.65,00hr 8min,00hr 8min,02hr 2min,00hr 0min,Route Link
DL1 LR 9912,14,46,DC46,11/5/2023 7:12,11/5/2023 9:15,DC46,11/5/2023 9:15,11/5/2023 9:16,0.27,00hr 0min,00hr 0min,00hr 0min,00hr 0min,Route Link
DL1 LR 9912,15,46,DC46,11/5/2023 9:15,11/5/2023 9:16,DC46,11/5/2023 11:21,11/5/2023 12:22,29.43,02hr 5min,01hr 7min,01hr 0min,00hr 58min,Route Link
DL1 LR 9912,16,46,DC46,11/5/2023 11:21,11/5/2023 12:22,DC46,12/5/2023 7:28,12/5/2023 7:46,86.11,19hr 6min,02hr 33min,00hr 17min,16hr 33min,Route Link
DL1 LR 9912,17,46,DC46,12/5/2023 7:28,12/5/2023 7:46,DC46,12/5/2023 7:52,12/5/2023 8:24,0.78,00hr 5min,00hr 2min,00hr 32min,00hr 3min,Route Link
DL1 LR 9912,18,46,DC46,12/5/2023 7:52,12/5/2023 8:24,DC46,12/5/2023 9:50,12/5/2023 12:31,21.86,01hr 25min,01hr 0min,02hr 41min,00hr 24min,Route Link
DL1 LR 9912,19,46,DC46,12/5/2023 9:50,12/5/2023 12:31,DC46,12/5/2023 12:32,12/5/2023 12:36,0.19,00hr 0min,00hr 0min,00hr 4min,00hr 0min,Route Link
DL1 LR 9912,20,46,DC46,12/5/2023 12:32,12/5/2023 12:36,DC46,13/05/2023 07:24 AM,13/05/2023 10:26 AM,81.6,18hr 48min,02hr 28min,03hr 1min,16hr 19min,Route Link
DL1 LR 9912,21,46,DC46,13/05/2023 07:24 AM,13/05/2023 10:26 AM,DC46,13/05/2023 10:39 AM,13/05/2023 10:41 AM,0.83,00hr 13min,00hr 2min,00hr 1min,00hr 11min,Route Link
DL1 LR 9912,22,46,DC46,13/05/2023 10:39 AM,13/05/2023 10:41 AM,DC46,13/05/2023 11:23 AM,13/05/2023 12:22 PM,2.5,00hr 42min,00hr 12min,00hr 59min,00hr 29min,Route Link
DL1 LR 9912,23,46,DC46,13/05/2023 11:23 AM,13/05/2023 12:22 PM,DC46,13/05/2023 12:23 PM,13/05/2023 12:23 PM,0.25,00hr 0min,00hr 0min,00hr 0min,00hr 0min,Route Link
DL1 LR 9912,24,46,DC46,13/05/2023 12:23 PM,13/05/2023 12:23 PM,DC46,14/05/2023 07:07 AM,14/05/2023 08:46 AM,57.39,18hr 44min,02hr 7min,01hr 38min,16hr 37min,Route Link
DL1 LS 8296,1,46,DC46,7/5/2023 20:13,8/5/2023 10:25,DC46,8/5/2023 10:35,8/5/2023 11:35,0.9,00hr 10min,00hr 2min,01hr 0min,00hr 7min,Route Link
DL1 LS 8296,2,46,DC46,8/5/2023 10:35,8/5/2023 11:35,DC46,8/5/2023 13:34,8/5/2023 14:15,8.86,01hr 58min,00hr 29min,00hr 40min,01hr 29min,Route Link
DL1 LS 8296,3,46,DC46,8/5/2023 13:34,8/5/2023 14:15,DC46,8/5/2023 20:16,9/5/2023 10:10,102.58,06hr 0min,03hr 10min,13hr 53min,02hr 50min,Route Link
DL1 LS 8296,4,46,DC46,8/5/2023 20:16,9/5/2023 10:10,DC46,9/5/2023 10:23,9/5/2023 12:17,0.86,00hr 13min,00hr 2min,01hr 54min,00hr 11min,Route Link
DL1 LS 8296,5,46,DC46,9/5/2023 10:23,9/5/2023 12:17,DC46,9/5/2023 12:18,9/5/2023 12:27,0.18,00hr 0min,00hr 0min,00hr 9min,00hr 0min,Route Link
DL1 LS 8296,6,46,DC46,9/5/2023 12:18,9/5/2023 12:27,DC46,9/5/2023 19:06,9/5/2023 19:06,63.96,06hr 38min,02hr 15min,00hr 0min,04hr 23min,Route Link
DL1 LS 8296,7,46,DC46,9/5/2023 19:06,9/5/2023 19:06,DC46,9/5/2023 19:31,9/5/2023 19:56,3.01,00hr 24min,00hr 11min,00hr 25min,00hr 13min,Route Link
DL1 LS 8296,8,46,DC46,9/5/2023 19:57,10/5/2023 10:48,DC46,10/5/2023 10:56,10/5/2023 11:06,0.81,00hr 7min,00hr 2min,00hr 9min,00hr 5min,Route Link
DL1 LS 8296,9,46,DC46,10/5/2023 10:56,10/5/2023 11:06,DC46,10/5/2023 18:23,10/5/2023 18:24,121.37,07hr 16min,04hr 11min,00hr 1min,03hr 5min,Route Link
DL1 LS 8296,10,46,DC46,10/5/2023 19:16,10/5/2023 19:19,DC46,10/5/2023 19:39,10/5/2023 19:51,0.4,00hr 19min,00hr 1min,00hr 11min,00hr 18min,Route Link
DL1 LS 8296,11,46,DC46,10/5/2023 19:39,10/5/2023 19:51,DC46,10/5/2023 20:00,12/5/2023 11:30,0.51,00hr 9min,00hr 1min,39hr 30min,00hr 7min,Route Link
DL1 LS 8296,12,46,DC46,10/5/2023 20:00,12/5/2023 11:30,DC46,12/5/2023 11:51,12/5/2023 12:07,0.82,00hr 20min,00hr 2min,00hr 16min,00hr 18min,Route Link
DL1 LS 8296,13,46,DC46,12/5/2023 11:51,12/5/2023 12:07,DC46,12/5/2023 14:53,12/5/2023 14:53,39.68,02hr 45min,01hr 30min,00hr 0min,01hr 15min,Route Link
DL1 LS 8296,14,46,DC46,12/5/2023 14:54,12/5/2023 18:26,DC46,12/5/2023 18:37,12/5/2023 18:53,1.35,00hr 10min,00hr 6min,00hr 16min,00hr 4min,Route Link
DL1 LS 8296,15,46,DC46,12/5/2023 18:37,12/5/2023 18:53,DC46,12/5/2023 19:02,12/5/2023 19:03,0.81,00hr 8min,00hr 2min,00hr 1min,00hr 6min,Route Link
DL1 LS 8296,16,46,DC46,12/5/2023 19:02,12/5/2023 19:03,DC46,12/5/2023 19:05,12/5/2023 19:05,0.34,00hr 1min,00hr 1min,00hr 0min,00hr 0min,Route Link
DL1 LS 8296,17,46,DC46,12/5/2023 19:05,12/5/2023 19:05,DC46,12/5/2023 20:27,12/5/2023 20:28,21.45,01hr 21min,00hr 46min,00hr 0min,00hr 35min,Route Link
DL1 LS 8296,18,46,DC46,12/5/2023 20:28,13/05/2023 10:22 AM,DC46,13/05/2023 10:36 AM,13/05/2023 11:30 AM,0.77,00hr 13min,00hr 2min,00hr 54min,00hr 11min,Route Link
DL1 LS 8296,19,46,DC46,13/05/2023 10:36 AM,13/05/2023 11:30 AM,DC46,13/05/2023 01:47 PM,13/05/2023 01:47 PM,15.47,02hr 16min,00hr 58min,00hr 0min,01hr 18min,Route Link
DL1 LS 8296,20,46,DC46,13/05/2023 01:47 PM,13/05/2023 01:47 PM,DC46,13/05/2023 01:48 PM,13/05/2023 02:41 PM,0.11,00hr 0min,00hr 0min,00hr 53min,00hr 0min,Route Link
DL1 LS 8296,21,46,DC46,13/05/2023 01:48 PM,13/05/2023 02:41 PM,DC46,13/05/2023 05:34 PM,13/05/2023 05:36 PM,41.2,02hr 52min,01hr 44min,00hr 2min,01hr 8min,Route Link
DL1 LS 8296,22,46,DC46,13/05/2023 05:34 PM,13/05/2023 05:36 PM,DC46,13/05/2023 06:36 PM,13/05/2023 06:37 PM,0.34,01hr 0min,00hr 1min,00hr 1min,00hr 59min,Route Link
DL1 LS 8296,23,46,DC46,13/05/2023 06:36 PM,13/05/2023 06:37 PM,DC46,13/05/2023 06:38 PM,13/05/2023 07:21 PM,0.11,00hr 1min,00hr 1min,00hr 42min,00hr 0min,Route Link
DL1 LS 8296,24,46,DC46,13/05/2023 06:38 PM,13/05/2023 07:21 PM,DC46,13/05/2023 08:35 PM,13/05/2023 08:36 PM,8.32,01hr 14min,00hr 30min,00hr 1min,00hr 44min,Route Link
DL1 LS 8296,25,46,DC46,13/05/2023 08:35 PM,13/05/2023 08:36 PM,DC46,13/05/2023 08:40 PM,14/05/2023 10:13 AM,0.16,00hr 3min,00hr 1min,13hr 33min,00hr 2min,Route Link
DL1 LS 8296,26,46,DC46,14/05/2023 10:14 AM,14/05/2023 11:39 AM,DC46,14/05/2023 11:47 AM,14/05/2023 11:51 AM,0.49,00hr 7min,00hr 1min,00hr 4min,00hr 6min,Route Link
DL1 LS 8296,27,46,DC46,14/05/2023 11:47 AM,14/05/2023 11:51 AM,DC46,14/05/2023 01:56 PM,14/05/2023 03:33 PM,47,02hr 4min,01hr 23min,01hr 36min,00hr 41min,Route Link
DL1 LS 8296,28,46,DC46,14/05/2023 01:56 PM,14/05/2023 03:33 PM,DC46,14/05/2023 06:40 PM,14/05/2023 06:41 PM,28.9,03hr 7min,01hr 40min,00hr 0min,01hr 26min,Route Link
DL1 LS 8296,29,46,DC46,14/05/2023 06:40 PM,14/05/2023 06:41 PM,DC46,14/05/2023 06:41 PM,14/05/2023 06:42 PM,0.27,00hr 0min,00hr 0min,00hr 1min,00hr 0min,Route Link
DL1 LS 8296,30,46,DC46,14/05/2023 06:41 PM,14/05/2023 06:42 PM,DC46,14/05/2023 06:46 PM,14/05/2023 06:46 PM,0.49,00hr 3min,00hr 2min,00hr 0min,00hr 1min,Route Link
DL1 LS 8296,31,46,DC46,14/05/2023 06:47 PM,14/05/2023 09:43 PM,DC46,14/05/2023 09:43 PM,14/05/2023 09:44 PM,0.19,00hr 0min,00hr 0min,00hr 0min,00hr 0min,Route Link
DL1 LS 8296,32,46,DC46,14/05/2023 09:43 PM,14/05/2023 09:44 PM,DC46,14/05/2023 09:47 PM,14/05/2023 09:48 PM,0.23,00hr 3min,00hr 0min,00hr 0min,00hr 3min,Route Link
DL1 LS 8296,33,46,DC46,14/05/2023 09:47 PM,14/05/2023 09:48 PM,DC46,14/05/2023 09:57 PM,14/05/2023 09:58 PM,0.69,00hr 9min,00hr 2min,00hr 1min,00hr 6min,Route Link
DL1 LV 7392,1,,DC46,7/5/2023 20:17,8/5/2023 11:50,DC46,8/5/2023 11:54,8/5/2023 11:56,0.92,00hr 3min,00hr 2min,00hr 2min,00hr 1min,Route Link
DL1 LV 7392,2,,DC46,8/5/2023 11:54,8/5/2023 11:56,DC46,8/5/2023 18:52,9/5/2023 9:48,3.39,06hr 56min,00hr 8min,14hr 55min,06hr 48min,Route Link
DL1 LV 7392,3,,DC46,8/5/2023 18:52,9/5/2023 9:48,DC46,9/5/2023 9:57,9/5/2023 10:03,0.78,00hr 9min,00hr 2min,00hr 6min,00hr 7min,Route Link
DL1 LV 7392,4,,DC46,9/5/2023 9:57,9/5/2023 10:03,DC46,9/5/2023 16:50,9/5/2023 17:09,109.7,06hr 46min,03hr 50min,00hr 19min,02hr 56min,Route Link
DL1 LV 7392,5,,DC46,9/5/2023 16:50,9/5/2023 17:09,DC46,9/5/2023 22:37,10/5/2023 9:09,22.86,05hr 27min,01hr 0min,10hr 31min,04hr 27min,Route Link
DL1 LV 7392,6,,DC46,9/5/2023 22:37,10/5/2023 9:09,DC46,10/5/2023 11:07,10/5/2023 13:30,32.75,01hr 58min,01hr 9min,02hr 23min,00hr 49min,Route Link
DL1 LV 7392,7,,DC46,10/5/2023 11:07,10/5/2023 13:30,DC46,10/5/2023 17:58,10/5/2023 18:41,21.77,04hr 27min,01hr 6min,00hr 42min,03hr 21min,Route Link
DL1 LV 7392,8,,DC46,10/5/2023 17:58,10/5/2023 18:41,DC46,10/5/2023 18:41,11/5/2023 10:02,0.17,00hr 0min,00hr 0min,15hr 20min,00hr 0min,Route Link
DL1 LV 7392,9,,DC46,10/5/2023 18:41,11/5/2023 10:02,DC46,11/5/2023 10:14,11/5/2023 10:16,0.61,00hr 11min,00hr 1min,00hr 2min,00hr 10min,Route Link
DL1 LV 7392,10,,DC46,11/5/2023 10:14,11/5/2023 10:16,DC46,11/5/2023 10:24,11/5/2023 10:25,0.11,00hr 7min,00hr 0min,00hr 1min,00hr 7min,Route Link
DL1 LV 7392,11,,DC46,11/5/2023 10:24,11/5/2023 10:25,DC46,11/5/2023 14:16,11/5/2023 16:17,41.72,03hr 51min,01hr 29min,02hr 0min,02hr 21min,Route Link
DL1 LV 7392,12,,DC46,11/5/2023 14:16,11/5/2023 16:17,DC46,11/5/2023 22:34,12/5/2023 11:11,76.18,06hr 17min,02hr 39min,12hr 37min,03hr 38min,Route Link
DL1 LV 7392,13,,DC46,11/5/2023 22:34,12/5/2023 11:11,DC46,12/5/2023 11:33,12/5/2023 11:51,0.86,00hr 22min,00hr 2min,00hr 17min,00hr 20min,Route Link
DL1 LV 7392,14,,DC46,12/5/2023 11:33,12/5/2023 11:51,DC46,12/5/2023 11:51,12/5/2023 11:52,0.26,00hr 0min,00hr 0min,00hr 1min,00hr 0min,Route Link
DL1 LV 7392,15,,DC46,12/5/2023 11:51,12/5/2023 11:52,DC46,12/5/2023 12:55,12/5/2023 14:42,9.02,01hr 2min,00hr 29min,01hr 47min,00hr 33min,Route Link
DL1 LV 7392,16,,DC46,12/5/2023 12:55,12/5/2023 14:42,DC46,12/5/2023 14:42,12/5/2023 14:43,0.26,00hr 0min,00hr 0min,00hr 0min,00hr 0min,Route Link
DL1 LV 7392,17,,DC46,12/5/2023 14:42,12/5/2023 14:43,DC46,12/5/2023 14:52,12/5/2023 14:53,0.16,00hr 9min,00hr 0min,00hr 0min,00hr 8min,Route Link
DL1 LV 7392,18,,DC46,12/5/2023 14:53,12/5/2023 15:20,DC46,12/5/2023 16:55,12/5/2023 16:57,8.38,01hr 35min,00hr 28min,00hr 2min,01hr 7min,Route Link
DL1 LV 7392,19,,DC46,12/5/2023 16:55,12/5/2023 16:57,DC46,12/5/2023 17:57,12/5/2023 18:58,0.32,01hr 0min,00hr 1min,01hr 0min,00hr 59min,Route Link
DL1 LV 7392,20,,DC46,12/5/2023 17:57,12/5/2023 18:58,DC46,12/5/2023 18:58,12/5/2023 18:59,0.22,00hr 0min,00hr 0min,00hr 1min,00hr 0min,Route Link
DL1 LV 7392,21,,DC46,12/5/2023 18:58,12/5/2023 18:59,DC46,12/5/2023 19:11,12/5/2023 19:39,0.43,00hr 11min,00hr 1min,00hr 28min,00hr 10min,Route Link
DL1 LV 7392,22,,DC46,12/5/2023 19:11,12/5/2023 19:39,DC46,12/5/2023 20:33,13/05/2023 12:37 PM,0.25,00hr 53min,00hr 1min,16hr 3min,00hr 51min,Route Link
DL1 LV 7392,23,,DC46,12/5/2023 20:33,13/05/2023 12:37 PM,DC46,13/05/2023 12:57 PM,13/05/2023 12:59 PM,1.46,00hr 20min,00hr 4min,00hr 2min,00hr 15min,Route Link
DL1 LV 7392,24,,DC46,13/05/2023 12:57 PM,13/05/2023 12:59 PM,DC46,13/05/2023 04:25 PM,13/05/2023 05:49 PM,43.38,03hr 26min,01hr 21min,01hr 24min,02hr 5min,Route Link
DL1 LV 7392,25,,DC46,13/05/2023 04:25 PM,13/05/2023 05:49 PM,DC46,13/05/2023 05:51 PM,13/05/2023 05:52 PM,0.14,00hr 1min,00hr 1min,00hr 1min,00hr 0min,Route Link
DL1 LV 7392,26,,DC46,13/05/2023 05:52 PM,13/05/2023 05:57 PM,DC46,13/05/2023 06:14 PM,13/05/2023 06:16 PM,1.1,00hr 17min,00hr 5min,00hr 2min,00hr 12min,Route Link
DL1 LV 7392,27,,DC46,13/05/2023 06:14 PM,13/05/2023 06:16 PM,DC46,13/05/2023 10:21 PM,14/05/2023 08:24 AM,74.09,04hr 4min,02hr 20min,10hr 3min,01hr 44min,Route Link
DL1 LV 7392,28,,DC46,13/05/2023 10:21 PM,14/05/2023 08:24 AM,DC46,14/05/2023 08:36 AM,14/05/2023 08:37 AM,0.67,00hr 11min,00hr 1min,00hr 1min,00hr 9min,Route Link
DL1 LV 7392,29,,DC46,14/05/2023 08:36 AM,14/05/2023 08:37 AM,DC46,14/05/2023 08:37 AM,14/05/2023 08:38 AM,0.28,00hr 0min,00hr 0min,00hr 0min,00hr 0min,Route Link
DL1 LV 7392,30,,DC46,14/05/2023 08:37 AM,14/05/2023 08:38 AM,DC46,14/05/2023 10:21 AM,14/05/2023 12:24 PM,49.1,01hr 42min,01hr 19min,02hr 3min,00hr 23min,Route Link
DL1 LV 7392,31,,DC46,14/05/2023 10:21 AM,14/05/2023 12:24 PM,DC46,14/05/2023 05:50 PM,14/05/2023 06:02 PM,91.62,05hr 25min,02hr 50min,00hr 12min,02hr 35min,Route Link
DL1 LV 7392,32,,DC46,14/05/2023 05:50 PM,14/05/2023 06:02 PM,DC46,14/05/2023 06:16 PM,14/05/2023 06:18 PM,0.37,00hr 14min,00hr 1min,00hr 1min,00hr 12min,Route Link
DL1 LV 7392,33,,DC46,14/05/2023 06:16 PM,14/05/2023 06:18 PM,DC46,14/05/2023 09:26 PM,15/05/2023 05:27 AM,0.15,03hr 8min,00hr 0min,08hr 0min,03hr 8min,Route Link
DL1 LY 7320,1,46,DC46,7/5/2023 18:05,8/5/2023 11:33,DC46,8/5/2023 11:46,8/5/2023 11:54,0.64,00hr 12min,00hr 1min,00hr 7min,00hr 11min,Route Link
DL1 LY 7320,2,46,DC46,8/5/2023 11:46,8/5/2023 11:54,DC46,8/5/2023 18:15,8/5/2023 18:15,109.96,06hr 21min,04hr 0min,00hr 0min,02hr 21min,Route Link
DL1 LY 7320,3,46,DC46,8/5/2023 18:16,9/5/2023 10:12,DC46,9/5/2023 10:24,9/5/2023 11:38,0.59,00hr 12min,00hr 1min,01hr 13min,00hr 10min,Route Link
DL1 LY 7320,4,46,DC46,9/5/2023 10:24,9/5/2023 11:38,DC46,9/5/2023 13:25,9/5/2023 13:26,23.41,01hr 47min,00hr 56min,00hr 0min,00hr 51min,Route Link
DL1 LY 7320,5,46,DC46,9/5/2023 13:26,9/5/2023 13:57,DC46,9/5/2023 20:07,10/5/2023 10:26,124.13,06hr 10min,03hr 25min,14hr 19min,02hr 44min,Route Link
DL1 LY 7320,6,46,DC46,9/5/2023 20:07,10/5/2023 10:26,DC46,10/5/2023 10:37,10/5/2023 13:54,0.73,00hr 11min,00hr 1min,03hr 16min,00hr 9min,Route Link
DL1 LY 7320,7,46,DC46,10/5/2023 10:37,10/5/2023 13:54,DC46,10/5/2023 18:07,10/5/2023 18:08,65.26,04hr 13min,02hr 33min,00hr 1min,01hr 39min,Route Link
DL1 LY 7320,8,46,DC46,10/5/2023 18:09,10/5/2023 18:10,DC46,10/5/2023 18:20,10/5/2023 18:21,2.16,00hr 9min,00hr 4min,00hr 1min,00hr 5min,Route Link
DL1 LY 7320,9,46,DC46,10/5/2023 18:20,10/5/2023 18:21,DC46,10/5/2023 18:26,11/5/2023 10:12,0.13,00hr 5min,00hr 1min,15hr 45min,00hr 4min,Route Link
DL1 LY 7320,10,46,DC46,10/5/2023 18:26,11/5/2023 10:12,DC46,11/5/2023 10:20,11/5/2023 11:23,0.66,00hr 8min,00hr 1min,01hr 2min,00hr 7min,Route Link
DL1 LY 7320,11,46,DC46,11/5/2023 10:20,11/5/2023 11:23,DC46,11/5/2023 12:42,11/5/2023 14:07,12.57,01hr 18min,00hr 37min,01hr 25min,00hr 41min,Route Link
DL1 LY 7320,12,46,DC46,11/5/2023 12:42,11/5/2023 14:07,DC46,11/5/2023 18:59,11/5/2023 18:59,63.96,04hr 51min,02hr 14min,00hr 0min,02hr 37min,Route Link
DL1 LY 7320,13,46,DC46,11/5/2023 18:59,11/5/2023 18:59,DC46,11/5/2023 19:00,12/5/2023 11:24,0.13,00hr 1min,00hr 1min,16hr 23min,00hr 0min,Route Link
DL1 LY 7320,14,46,DC46,11/5/2023 19:00,12/5/2023 11:24,DC46,12/5/2023 11:36,12/5/2023 11:37,0.56,00hr 12min,00hr 1min,00hr 1min,00hr 11min,Route Link
DL1 LY 7320,15,46,DC46,12/5/2023 11:36,12/5/2023 11:37,DC46,12/5/2023 11:38,12/5/2023 11:38,0.22,00hr 0min,00hr 0min,00hr 0min,00hr 0min,Route Link
DL1 LY 7320,16,46,DC46,12/5/2023 11:38,12/5/2023 11:38,DC46,12/5/2023 13:57,12/5/2023 20:05,36.42,02hr 18min,01hr 24min,06hr 7min,00hr 54min,Route Link
DL1 LY 7320,17,46,DC46,12/5/2023 13:57,12/5/2023 20:05,DC46,13/05/2023 10:03 AM,13/05/2023 10:22 AM,23.96,13hr 58min,01hr 24min,00hr 19min,12hr 33min,Route Link
DL1 LY 7320,18,46,DC46,13/05/2023 10:03 AM,13/05/2023 10:22 AM,DC46,13/05/2023 10:31 AM,13/05/2023 01:23 PM,0.55,00hr 8min,00hr 1min,02hr 51min,00hr 7min,Route Link
DL1 LY 7320,19,46,DC46,13/05/2023 10:31 AM,13/05/2023 01:23 PM,DC46,13/05/2023 03:31 PM,13/05/2023 05:27 PM,28.49,02hr 8min,01hr 1min,01hr 56min,01hr 7min,Route Link
DL1 LY 7320,20,46,DC46,13/05/2023 03:31 PM,13/05/2023 05:27 PM,DC46,13/05/2023 08:15 PM,14/05/2023 10:31 AM,20.33,02hr 47min,01hr 4min,14hr 15min,01hr 43min,Route Link
DL1 LY 7320,21,46,DC46,13/05/2023 08:15 PM,14/05/2023 10:31 AM,DC46,14/05/2023 10:48 AM,14/05/2023 11:38 AM,0.41,00hr 16min,00hr 1min,00hr 49min,00hr 15min,Route Link
DL1 LY 7320,22,46,DC46,14/05/2023 10:48 AM,14/05/2023 11:38 AM,DC46,14/05/2023 12:26 PM,14/05/2023 12:28 PM,10.31,00hr 47min,00hr 30min,00hr 2min,00hr 17min,Route Link
DL1 LY 7320,23,46,DC46,14/05/2023 12:26 PM,14/05/2023 12:28 PM,DC46,14/05/2023 12:43 PM,14/05/2023 02:37 PM,0.88,00hr 15min,00hr 2min,01hr 54min,00hr 12min,Route Link
DL1 LY 7320,24,46,DC46,14/05/2023 12:43 PM,14/05/2023 02:37 PM,DC46,14/05/2023 05:38 PM,14/05/2023 05:39 PM,67.09,03hr 1min,01hr 57min,00hr 0min,01hr 3min,Route Link
DL1 LY 7320,25,46,DC46,14/05/2023 05:38 PM,14/05/2023 05:39 PM,DC46,14/05/2023 05:48 PM,14/05/2023 05:51 PM,0.13,00hr 9min,00hr 0min,00hr 3min,00hr 8min,Route Link
DL1 LY 7320,26,46,DC46,14/05/2023 05:48 PM,14/05/2023 05:51 PM,DC46,14/05/2023 05:52 PM,14/05/2023 05:53 PM,0.2,00hr 1min,00hr 0min,00hr 0min,00hr 0min,Route Link
DL1 LY 7599,1,46,DC46,8/5/2023 8:58,8/5/2023 13:43,DC54,8/5/2023 14:14,8/5/2023 14:15,18.71,00hr 31min,00hr 30min,00hr 0min,00hr 1min,Route Link
DL1 LY 7599,2,46,DC54,8/5/2023 14:14,8/5/2023 14:15,DC46,9/5/2023 9:02,9/5/2023 10:51,45.13,18hr 47min,01hr 39min,01hr 49min,17hr 8min,Route Link
DL1 LY 7599,3,46,DC46,9/5/2023 9:02,9/5/2023 10:51,DC46,9/5/2023 11:14,9/5/2023 11:15,1.51,00hr 22min,00hr 6min,00hr 1min,00hr 16min,Route Link
DL1 LY 7599,4,46,DC46,9/5/2023 11:14,9/5/2023 11:15,DC46,10/5/2023 9:33,10/5/2023 11:51,104.55,22hr 18min,03hr 44min,02hr 17min,18hr 34min,Route Link
DL1 LY 7599,5,46,DC46,10/5/2023 9:33,10/5/2023 11:51,DC46,10/5/2023 19:42,10/5/2023 19:43,100.87,07hr 51min,03hr 17min,00hr 0min,04hr 34min,Route Link
DL1 LY 7599,6,46,DC46,10/5/2023 19:44,10/5/2023 20:21,DC46,11/5/2023 8:58,11/5/2023 12:34,5.89,12hr 37min,00hr 19min,03hr 36min,12hr 18min,Route Link
DL1 LY 7599,7,46,DC46,11/5/2023 8:58,11/5/2023 12:34,DC46,11/5/2023 12:35,11/5/2023 12:37,0.17,00hr 0min,00hr 0min,00hr 2min,00hr 0min,Route Link
DL1 LY 7599,8,46,DC46,11/5/2023 12:35,11/5/2023 12:37,DC46,12/5/2023 9:15,12/5/2023 12:48,138.36,20hr 38min,04hr 17min,03hr 32min,16hr 20min,Route Link
DL1 LY 7599,9,46,DC46,12/5/2023 9:15,12/5/2023 12:48,DC46,13/05/2023 11:31 AM,13/05/2023 03:05 PM,95.72,22hr 43min,03hr 30min,03hr 33min,19hr 13min,Route Link
DL1 LY 7599,10,46,DC46,13/05/2023 11:31 AM,13/05/2023 03:05 PM,DC46,14/05/2023 09:17 AM,14/05/2023 01:28 PM,120.57,18hr 11min,03hr 36min,04hr 11min,14hr 35min,Route Link
DL1 LY 7599,11,46,DC46,14/05/2023 09:17 AM,14/05/2023 01:28 PM,DC46,14/05/2023 01:29 PM,14/05/2023 01:30 PM,0.21,00hr 0min,00hr 0min,00hr 1min,00hr 0min,Route Link
DL1 LY 7599,12,46,DC46,14/05/2023 01:29 PM,14/05/2023 01:30 PM,DC46,14/05/2023 02:52 PM,14/05/2023 03:08 PM,20.32,01hr 21min,00hr 46min,00hr 16min,00hr 34min,Route Link
